Name,Index,KEGGID,FullName,Other,Lipid,Cofactor,Nucleotide,AminoAcid,CentralCarbon
10fthf[c],1,C00234,10_Formyltetrahydrofolate,0,1,0,1,0,0
13dpg[c],2,C00236,3_Phospho_D_glyceroyl_phosphate,0,0,0,0,0,1
15dap[c],3,C01672,1_5_Diaminopentane,0,0,0,0,1,0
1pyr5c[c],4,C03912,1_Pyrroline_5_carboxylate,0,0,0,0,1,0
23ddhb[c],5,C04171,2_3_Dihydro_2_3_dihydroxybenzoate,0,0,1,0,0,0
23dhb[c],6,C00196,2_3_Dihydroxybenzoate,0,0,1,0,0,0
23dhba[c],7,C04030,2_3_Dihydroxybenzoyl_adenylate,0,0,1,0,0,0
23dhdp[c],8,C03340,2_3_Dihydrodipicolinate,0,0,0,0,1,0
23dhmb[c],9,C04272,R__2_3_Dihydroxy_3_methylbutanoate,0,0,0,0,1,0
23dhmp[c],10,C06007,R__2_3_Dihydroxy_3_methylpentanoate,0,0,0,0,1,0
25aics[c],11,C04823,S__2_5_Amino_1__5_phospho_D_ribosyl_imidazole_4_carboxamidosuccinate,0,0,0,1,0,0
25drapp[c],12,C01304,2_5_Diamino_6__ribosylamino__4__3H__pyrimidinone_5__phosphate,0,0,1,0,0,0
26dap_LL[c],13,C00666,LL_2_6_Diaminoheptanedioate,0,0,0,0,1,0
26dap_M[c],14,C00680,meso_2_6_Diaminoheptanedioate,1,0,0,0,1,0
2ahbut[c],15,C06006,S__2_Aceto_2_hydroxybutanoate,0,0,0,0,1,0
2aobut[c],16,C03508,L_2_Amino_3_oxobutanoate,0,0,0,0,1,0
2cpr5p[c],17,C01302,1__2_Carboxyphenylamino__1_deoxy_D_ribulose_5_phosphate,0,0,0,0,1,0
2dda7p[c],18,C04691,2_Dehydro_3_deoxy_D_arabino_heptonate_7_phosphate,0,0,0,0,1,0
2ddg6p[c],19,C04442,2_Dehydro_3_deoxy_D_gluconate_6_phosphate,0,0,0,0,0,1
2dhp[c],20,C00966,2_Dehydropantoate,0,0,1,0,0,0
2dmmq8[c],21,C05818,2_Demethylmenaquinone_8,0,0,0,0,0,1
2dr1p[c],22,C00672,2_Deoxy_D_ribose_1_phosphate,0,0,0,1,0,0
2h3oppan[c],23,C01146,2_Hydroxy_3_oxopropanoate,0,0,0,0,0,1
2ippm[c],24,C02631,2_Isopropylmaleate,0,0,0,0,1,0
2mahmp[c],25,C04752,2_Methyl_4_amino_5_hydroxymethylpyrimidine_diphosphate,0,0,1,0,0,0
2me4p[c],26,C11434,2_C_methyl_D_erythritol_4_phosphate,0,0,1,0,0,0
2mecdp[c],27,C11453,2_C_methyl_D_erythritol_2_4_cyclodiphosphate,0,0,1,0,0,0
2obut[c],28,C00109,2_Oxobutanoate,0,0,0,0,1,0
2ohph[c],29,C05811,2_Octaprenyl_6_hydroxyphenol,0,0,1,0,0,0
2omph[c],30,C05812,2_Octaprenyl_6_methoxyphenol,0,0,1,0,0,0
2oph[c],31,C05810,2_Octaprenylphenol,0,0,1,0,0,0
2p4c2me[c],32,C11436,2_phospho_4__cytidine_5__diphospho__2_C_methyl_D_erythritol,0,0,1,0,0,0
2pg[c],33,C00631,D_Glycerate_2_phosphate,0,0,0,0,1,1
2shchc[c],34,C05817,2_Succinyl_6_hydroxy_2_4_cyclohexadiene_1_carboxylate,0,0,1,0,0,0
34hpp[c],35,C01179,3__4_Hydroxyphenyl_pyruvate,0,0,0,0,1,0
3c2hmp[c],36,C04411,3_Carboxy_2_hydroxy_4_methylpentanoate,0,0,0,0,1,0
3c3hmp[c],37,C02504,3_Carboxy_3_hydroxy_4_methylpentanoate,0,0,0,0,1,0
3c4mop[c],38,C04236,3_Carboxy_4_methyl_2_oxopentanoate,0,0,0,0,1,0
3dhq[c],39,C00944,3_Dehydroquinate,0,0,0,0,1,0
3dhsk[c],40,C02637,3_Dehydroshikimate,0,0,0,0,1,0
3hmrsACP[c],41,C04688,R__3_Hydroxytetradecanoyl_acyl_carrier_protein,1,1,0,0,0,0
3ig3p[c],42,C03506,C___3_Indolyl__glycerol_3_phosphate,0,0,0,0,1,0
3mob[c],43,C00141,3_Methyl_2_oxobutanoate,0,0,1,0,1,0
3mop[c],44,C00671,S__3_Methyl_2_oxopentanoate,0,0,0,0,1,0
3ophb[c],45,C05809,3_Octaprenyl_4_hydroxybenzoate,0,0,1,0,0,0
3pg[c],46,C00197,3_Phospho_D_glycerate,0,0,0,0,1,1
3php[c],47,C03232,3_Phosphohydroxypyruvate,0,0,0,0,1,0
3psme[c],48,C01269,5_O__1_Carboxyvinyl__3_phosphoshikimate,0,0,0,0,1,0
4abut[c],49,C00334,4_Aminobutanoate,0,0,0,0,1,0
4abutn[c],50,C00555,4_Aminobutanal,0,0,0,0,1,0
4abz[c],51,C00568,4_Aminobenzoate,0,0,1,0,0,0
4adcho[c],52,C11355,4_amino_4_deoxychorismate,0,0,1,0,0,0
4ahmmp[c],53,C01279,4_Amino_5_hydroxymethyl_2_methylpyrimidine,0,0,1,0,0,0
4ampm[c],54,C04556,4_Amino_2_methyl_5_phosphomethylpyrimidine,0,0,1,0,0,0
4c2me[c],55,C11435,4__cytidine_5__diphospho__2_C_methyl_D_erythritol,0,0,1,0,0,0
4hbz[c],56,C00156,4_Hydroxybenzoate,0,0,1,0,0,0
4hthr[c],57,C06056,4_Hydroxy_L_threonine,0,0,1,0,0,0
4mhetz[c],58,C04294,4_Methyl_5__2_hydroxyethyl__thiazole,0,0,1,0,0,0
4mop[c],59,C00233,4_Methyl_2_oxopentanoate,0,0,0,0,1,0
4mpetz[c],60,C04327,4_Methyl_5__2_phosphoethyl__thiazole,0,0,1,0,0,0
4pasp[c],61,C03082,4_Phospho_L_aspartate,0,0,0,0,1,0
4per[c],62,C03393,4_Phospho_D_erythronate,0,0,1,0,0,0
4ppan[c],63,C03492,D_4__Phosphopantothenate,0,0,1,0,0,0
4ppcys[c],64,C04352,N___R__4_Phosphopantothenoyl__L_cysteine,0,0,1,0,0,0
4r5au[c],65,C04732,4__1_D_Ribitylamino__5_aminouracil,0,0,1,0,0,0
5aizc[c],66,C04751,5_amino_1__5_phospho_D_ribosyl_imidazole_4_carboxylate,0,0,0,1,0,0
5aop[c],67,C00430,5_Amino_4_oxopentanoate,0,0,1,0,0,0
5aprbu[c],68,C04454,5_Amino_6__5__phosphoribitylamino_uracil,0,0,1,0,0,0
5apru[c],69,C01268,5_Amino_6__5__phosphoribosylamino_uracil,0,0,1,0,0,0
5caiz[c],70,C15667,5_phosphoribosyl_5_carboxyaminoimidazole,0,0,0,1,0,0
5mta[c],71,C00170,5_Methylthioadenosine,0,0,0,0,1,0
5mthf[c],72,C00440,5_Methyltetrahydrofolate,0,0,0,0,1,0
5mtr[c],73,C03089,5_Methylthio_D_ribose,0,0,0,0,1,0
5prdmbz[c],74,C04778,N1__5_Phospho_alpha_D_ribosyl__5_6_dimethylbenzimidazole,0,0,1,0,0,0
6pgc[c],75,C00345,6_Phospho_D_gluconate,0,0,0,0,0,1
6pgl[c],76,C01236,6_phospho_D_glucono_1_5_lactone,0,0,0,0,0,1
8aonn[c],77,C01092,8_Amino_7_oxononanoate,0,0,1,0,0,0
ACP[c],78,C00229,acyl_carrier_protein,1,1,1,0,0,0
N1aspmd[c],79,C00612,N1_Acetylspermidine,0,0,0,0,1,0
aacoa[c],80,C00332,Acetoacetyl_CoA,1,0,0,0,0,0
acACP[c],81,C03939,Acetyl_ACP,1,0,0,0,0,0
ac[c],82,C00033,Acetate,0,0,0,0,0,1
acald[c],83,C00084,Acetaldehyde,1,0,1,0,1,1
accoa[c],84,C00024,Acetyl_CoA,0,0,0,0,0,1
acg5p[c],85,C04133,N_Acetyl_L_glutamyl_5_phosphate,0,0,0,0,1,0
acg5sa[c],86,C01250,N_Acetyl_L_glutamate_5_semialdehyde,0,0,0,0,1,0
acgam1p[c],87,C04256,N_Acetyl_D_glucosamine_1_phosphate,1,0,0,0,0,0
acgam6p[c],88,C00357,N_Acetyl_D_glucosamine_6_phosphate,1,0,0,0,0,0
acglu[c],89,C00624,N_Acetyl_L_glutamate,0,0,0,0,1,0
acorn[c],90,C00437,N2_Acetyl_L_ornithine,0,0,0,0,1,0
acser[c],91,C00979,O_Acetyl_L_serine,0,0,0,0,1,0
actACP[c],92,C05744,Acetoacetyl_ACP,1,0,0,0,0,0
actp[c],93,C00227,Acetyl_phosphate,0,0,0,0,0,1
ade[c],94,C00147,Adenine,0,0,1,1,1,0
adn[c],95,C00212,Adenosine,0,0,0,1,0,0
adocbi[c],96,C06508,Adenosyl_cobinamide,0,0,1,0,0,0
adocbip[c],97,C06509,Adenosyl_cobinamide_phosphate,0,0,1,0,0,0
adocbl[c],98,C00194,Adenosylcobalamin,0,0,1,0,0,0
adpglc[c],99,C00498,ADPglucose,0,0,0,0,0,1
adphep_DD[c],100,C06397,ADP_D_glycero_D_manno_heptose,0,1,0,0,0,0
adphep_LD[c],101,C06398,ADP_L_glycero_D_manno_heptose,0,1,0,0,0,0
agdpcbi[c],102,C06510,Adenosine_GDP_cobinamide,0,0,1,0,0,0
agm[c],103,C00179,Agmatine,0,0,0,0,1,0
ahcys[c],104,C00021,S_Adenosyl_L_homocysteine,0,1,1,0,1,0
ahdt[c],105,C04895,2_Amino_4_hydroxy_6__erythro_1_2_3_trihydroxypropyl_dihydropteridine_triphosphate,0,0,1,0,0,0
aicar[c],106,C04677,5_Amino_1__5_Phospho_D_ribosyl_imidazole_4_carboxamide,0,0,0,1,1,0
air[c],107,C03373,5_amino_1__5_phospho_D_ribosyl_imidazole,0,0,1,1,0,0
akg[c],108,C00026,2_Oxoglutarate,0,0,0,0,0,1
ala_B[c],109,C00099,beta_Alanine,0,0,1,0,0,0
ala_D[c],110,C00133,D_Alanine,1,0,1,0,1,0
ala_L[c],111,C00041,L_Alanine,0,0,0,0,1,0
alaala[c],112,C00993,D_Alanyl_D_alanine,1,0,0,0,0,0
alac_S[c],113,C06010,S__2_Acetolactate,0,0,0,0,1,0
amet[c],114,C00019,S_Adenosyl_L_methionine,0,1,1,0,1,0
ametam[c],115,C01137,S_Adenosylmethioninamine,0,0,0,0,1,0
amob[c],116,C04425,S_Adenosyl_4_methylthio_2_oxobutanoate,0,0,1,0,0,0
anth[c],117,C00108,Anthranilate,0,0,0,0,1,0
apoACP[c],118,C03688,apoprotein_acyl_carrier_protein,0,0,1,0,0,0
aps[c],119,C00224,Adenosine_5__phosphosulfate,0,0,0,0,1,0
ara5p[c],120,C01112,D_Arabinose_5_phosphate,0,1,0,0,0,0
arg_L[c],121,C00062,L_Arginine,0,0,0,0,1,0
argsuc[c],122,C03406,N_omega___L_Arginino_succinate,0,0,0,0,1,0
asn_L[c],123,C00152,L_Asparagine,0,0,0,0,1,0
asp_L[c],124,C00049,L_Aspartate,0,0,0,0,1,0
aspsa[c],125,C00441,L_Aspartate_4_semialdehyde,0,0,0,0,1,0
btcoa[c],126,C00136,Butanoyl_CoA,1,0,0,0,0,0
btn[c],127,C00120,Biotin,0,0,1,0,0,0
cbasp[c],128,C00438,N_Carbamoyl_L_aspartate,0,0,0,1,0,0
cbi[c],129,C05774,Cobinamide,0,0,1,0,0,0
cbl1[c],130,C00853,Cob_I_alamin,0,0,1,0,0,0
cbp[c],131,C00169,Carbamoyl_phosphate,0,0,0,1,1,0
cdp[c],132,C00112,CDP,0,0,0,1,0,0
chol[c],133,C00114,Choline,0,1,0,0,0,0
chor[c],134,C00251,chorismate,0,0,1,0,1,0
cit[c],135,C00158,Citrate,0,0,0,0,0,1
citr_L[c],136,C00327,L_Citrulline,0,0,0,0,1,0
cmp[c],137,C00055,CMP,0,1,1,1,0,0
cpppg3[c],138,C03263,Coproporphyrinogen_III,0,0,1,0,0,0
csn[c],139,C00380,Cytosine,0,0,0,1,0,0
ctp[c],140,C00063,CTP,0,1,1,1,0,0
cys_L[c],141,C00097,L_Cysteine,0,0,1,0,1,0
cyst_L[c],142,C02291,L_Cystathionine,0,0,0,0,1,0
cytd[c],143,C00475,Cytidine,0,0,0,1,0,0
dad_2[c],144,C00559,Deoxyadenosine,0,0,0,1,0,0
dadp[c],145,C00206,dADP,0,0,0,1,0,0
damp[c],146,C00360,dAMP,0,0,0,1,0,0
dann[c],147,C01037,7_8_Diaminononanoate,0,0,1,0,0,0
datp[c],148,C00131,dATP,0,0,0,1,0,0
db4p[c],149,C15556,3_4_dihydroxy_2_butanone_4_phosphate,0,0,1,0,0,0
dcamp[c],150,C03794,N6__1_2_Dicarboxyethyl__AMP,0,0,0,1,0,0
dcdp[c],151,C00705,dCDP,0,0,0,1,0,0
dcmp[c],152,C00239,dCMP,0,0,0,1,0,0
dctp[c],153,C00458,dCTP,0,0,0,1,0,0
dcyt[c],154,C00881,Deoxycytidine,0,0,0,1,0,0
ddcaACP[c],155,C05223,Dodecanoyl_ACP__n_C120ACP_,1,1,0,0,0,0
dgdp[c],156,C00361,dGDP,0,0,0,1,0,0
dgmp[c],157,C00362,dGMP,0,0,0,1,0,0
dgsn[c],158,C00330,Deoxyguanosine,0,0,0,1,0,0
dgtp[c],159,C00286,dGTP,0,0,0,1,0,0
dha[c],160,C00184,Dihydroxyacetone,0,0,0,0,0,1
dhap[c],161,C00111,Dihydroxyacetone_phosphate,0,0,1,0,0,1
dhf[c],162,C00415,7_8_Dihydrofolate,0,0,1,1,0,0
dhna[c],163,C03657,1_4_Dihydroxy_2_naphthoate,0,0,1,0,0,0
dhnpt[c],164,C04874,Dihydroneopterin,0,0,1,0,0,0
dhor_S[c],165,C00337,S__Dihydroorotate,0,0,0,1,0,0
dhpmp[c],166,C05925,Dihydroneopterin_monophosphate,0,0,1,0,0,0
dhpt[c],167,C00921,Dihydropteroate,0,0,1,0,0,0
dhptd[c],168,C11838,4_5_dihydroxy_2_3_pentanedione,0,0,0,0,1,0
din[c],169,C05512,Deoxyinosine,0,0,0,1,0,0
dmbzid[c],170,C03114,5_6_Dimethylbenzimidazole,0,0,1,0,0,0
dmlz[c],171,C04332,6_7_Dimethyl_8__1_D_ribityl_lumazine,0,0,1,0,0,0
dmpp[c],172,C00235,Dimethylallyl_diphosphate,0,0,1,0,0,0
dnad[c],173,C00857,Deamino_NAD,0,0,1,1,0,0
dpcoa[c],174,C00882,Dephospho_CoA,0,0,1,0,0,0
dscl[c],175,C02463,dihydrosirohydrochlorin,0,0,1,0,0,0
dtbt[c],176,C01909,Dethiobiotin,0,0,1,0,0,0
dtdp4addg[c],177,C04268,dTDP_4_amino_4_6_dideoxy_D_glucose,1,0,0,0,0,0
dtdp4d6dg[c],178,C00687,dTDP_4_dehydro_6_deoxy_D_glucose,1,0,0,0,0,0
dtdp4d6dm[c],179,C00688,dTDP_4_dehydro_6_deoxy_L_mannose,1,0,0,0,0,0
dtdp[c],180,C00363,dTDP,1,1,0,1,0,0
dtdpglu[c],181,C00842,dTDPglucose,1,0,0,0,0,0
dtdprmn[c],182,C03319,dTDP_L_rhamnose,1,1,0,0,0,0
dtmp[c],183,C00364,dTMP,0,0,0,1,0,0
dttp[c],184,C00459,dTTP,1,0,0,1,0,0
dudp[c],185,C01346,dUDP,0,0,0,1,0,0
dump[c],186,C00365,dUMP,0,0,0,1,0,0
duri[c],187,C00526,Deoxyuridine,0,0,0,1,0,0
dutp[c],188,C00460,dUTP,0,0,0,1,0,0
dxyl5p[c],189,C11437,1_deoxy_D_xylulose_5_phosphate,0,0,1,0,0,0
dxyl[c],190,C06257,1_deoxy_D_xylulose,0,0,1,0,0,0
e4p[c],191,C00279,D_Erythrose_4_phosphate,0,0,1,0,1,1
eig3p[c],192,C04666,D_erythro_1__Imidazol_4_yl_glycerol_3_phosphate,0,0,0,0,1,0
enter[c],193,C05821,Enterochelin,0,0,1,0,0,0
etha[c],194,C00189,Ethanolamine,1,1,0,0,0,0
etoh[c],195,C00469,Ethanol,0,0,0,0,0,1
f6p[c],196,C00085,D_Fructose_6_phosphate,1,0,0,0,0,1
fdp[c],197,C00354,D_Fructose_1_6_bisphosphate,0,0,0,0,0,1
fgam[c],198,C04376,N2_Formyl_N1__5_phospho_D_ribosyl_glycinamide,0,0,0,1,0,0
fmn[c],199,C00061,FMN,0,0,1,0,0,0
for[c],200,C00058,Formate,0,0,0,0,0,1
fpram[c],201,C04640,2__Formamido__N1__5_phospho_D_ribosyl_acetamidine,0,0,0,1,0,0
fprica[c],202,C04734,5_Formamido_1__5_phospho_D_ribosyl_imidazole_4_carboxamide,0,0,0,1,0,0
frdp[c],203,C00448,Farnesyl_diphosphate,0,0,1,0,0,0
fum[c],204,C00122,Fumarate,0,0,1,1,1,1
g1p[c],205,C00103,D_Glucose_1_phosphate,1,0,0,0,0,1
g3p[c],206,C00661,Glyceraldehyde_3_phosphate,0,0,1,0,1,1
g3pc[c],207,C00670,sn_Glycero_3_phosphocholine,0,1,0,0,0,0
g3pe[c],208,C01233,sn_Glycero_3_phosphoethanolamine,0,1,0,0,0,0
g3pg[c],209,C03274,Glycerophosphoglycerol,0,1,0,0,0,0
g3pi[c],210,C01225,sn_Glycero_3_phospho_1_inositol,0,1,0,0,0,0
g6p[c],211,C00092,D_Glucose_6_phosphate,0,0,0,0,0,1
gam1p[c],212,C06156,D_Glucosamine_1_phosphate,1,0,0,0,0,0
gam6p[c],213,C00352,D_Glucosamine_6_phosphate,1,0,0,0,0,0
gar[c],214,C03838,N1__5_Phospho_D_ribosyl_glycinamide,0,0,0,1,0,0
gcald[c],215,C00266,Glycolaldehyde,0,0,1,0,0,0
gdp[c],216,C00035,GDP,0,0,0,1,0,0
gdpddman[c],217,C01222,GDP_4_dehydro_6_deoxy_D_mannose,1,0,0,0,0,0
gdpmann[c],218,C00096,GDP_D_mannose,1,0,0,0,0,0
glc_D[c],219,C00031,D_Glucose,0,0,0,0,0,1
gln_L[c],220,C00064,L_Glutamine,0,0,0,0,1,0
glu1sa[c],221,C03741,L_Glutamate_1_semialdehyde,0,0,1,0,0,0
glu5p[c],222,C03287,L_Glutamate_5_phosphate,0,0,0,0,1,0
glu5sa[c],223,C01165,L_Glutamate_5_semialdehyde,0,0,0,0,1,0
glu_D[c],224,C00217,D_Glutamate,1,0,0,0,0,0
glu_L[c],225,C00025,L_Glutamate,0,0,0,0,1,0
glucys[c],226,C00669,gamma_L_Glutamyl_L_cysteine,0,0,1,0,0,0
glutrna[c],227,C02987,L_Glutamyl_tRNA_Glu_,0,0,1,0,0,0
glx[c],228,C00048,Glyoxylate,0,0,0,0,0,1
gly[c],229,C00037,Glycine,0,0,0,0,1,0
glyc3p[c],230,C00093,Glycerol_3_phosphate,0,1,0,0,0,0
glyc_R[c],231,C00258,R__Glycerate,0,0,0,0,1,1
glyc[c],232,C00116,Glycerol,0,1,0,0,0,0
glyclt[c],233,C00160,Glycolate,0,0,0,0,0,1
glycogen[c],234,C00182,glycogen,0,0,0,0,0,1
gmhep17bp[c],235,C11472,D_Glycero_D_manno_heptose_1_7_bisphosphate,0,1,0,0,0,0
gmhep1p[c],236,C07838,D_Glycero_D_manno_heptose_1_phosphate,0,1,0,0,0,0
gmhep7p[c],237,C07836,D_Glycero_D_manno_heptose_7_phosphate,0,1,0,0,0,0
gmp[c],238,C00144,GMP,0,0,0,1,0,0
gp4g[c],239,C01261,P1_P4_Bis_5__guanosyl__tetraphosphate,0,0,0,1,0,0
grdp[c],240,C00341,Geranyl_diphosphate,0,0,1,0,0,0
gsn[c],241,C00387,Guanosine,0,0,0,1,0,0
gthox[c],242,C00127,Oxidized_glutathione,0,0,1,0,0,0
gthrd[c],243,C00051,Reduced_glutathione,0,0,1,0,1,0
gtp[c],244,C00044,GTP,0,0,0,1,0,0
gtspmd[c],245,C05730,Glutathionylspermidine,0,0,0,0,1,0
gua[c],246,C00242,Guanine,0,0,0,1,0,0
h2mb4p[c],247,C11811,1_hydroxy_2_methyl_2__E__butenyl_4_diphosphate,0,0,1,0,0,0
hcys_L[c],248,C00155,L_Homocysteine,0,0,0,0,1,0
hdca[c],249,C00249,Hexadecanoate__n_C160_,1,1,0,0,0,0
hemeO[c],250,C15672,Heme_O,0,0,1,0,0,0
his_L[c],251,C00135,L_Histidine,0,0,0,0,1,0
hisp[c],252,C01100,L_Histidinol_phosphate,0,0,0,0,1,0
histd[c],253,C00860,L_Histidinol,0,0,0,0,1,0
hmbil[c],254,C01024,Hydroxymethylbilane,0,0,1,0,0,0
hom_L[c],255,C00263,L_Homoserine,0,0,0,0,1,0
hxan[c],256,C00262,Hypoxanthine,0,0,0,1,0,0
iasp[c],257,C05840,Iminoaspartate,0,0,1,0,0,0
ichor[c],258,C00885,Isochorismate,0,0,1,0,0,0
icit[c],259,C00311,Isocitrate,0,0,0,0,0,1
ile_L[c],260,C00407,L_Isoleucine,0,0,0,0,1,0
imacp[c],261,C01267,3__Imidazol_4_yl__2_oxopropyl_phosphate,0,0,0,0,1,0
imp[c],262,C00130,IMP,0,0,0,1,0,0
indole[c],263,C00463,Indole,0,0,0,0,1,0
inost[c],264,C00137,myo_Inositol,1,1,0,0,0,0
ins[c],265,C00294,Inosine,0,0,0,1,0,0
ipdp[c],266,C00129,Isopentenyl_diphosphate,0,0,1,0,0,0
kdo2lipid4L[c],267,C06251,KDO_2__lipid_IV_A__with_laurate,0,1,0,0,0,0
kdo2lipid4[c],268,C06025,KDO_2__lipid_IV_A_,0,1,0,0,0,0
kdo8p[c],269,C04478,3_Deoxy_D_manno_octulosonate_8_phosphate,0,1,0,0,0,0
kdo[c],270,C01187,3_Deoxy_D_manno_2_octulosonate,0,1,0,0,0,0
kdolipid4[c],271,C06024,KDO_lipid_IV_A_,0,1,0,0,0,0
lac_D[c],272,C00256,D_Lactate,0,0,0,0,0,1
leu_L[c],273,C00123,L_Leucine,0,0,0,0,1,0
lipa[c],274,C06026,KDO_2__lipid__A_,0,1,0,0,0,0
lipidAds[c],275,C04932,Lipid_A_Disaccharide,0,1,0,0,0,0
lipidX[c],276,C04824,2_3_Bis_3_hydroxytetradecanoyl__beta_D_glucosaminyl_1_phosphate,0,1,0,0,0,0
lys_L[c],277,C00047,L_Lysine,0,0,0,0,1,0
malACP[c],278,C01209,Malonyl_acyl_carrier_protein,1,0,1,0,0,0
mal_L[c],279,C00149,L_Malate,0,0,0,0,0,1
malcoa[c],280,C00083,Malonyl_CoA,1,0,1,0,0,0
man1p[c],281,C00636,D_Mannose_1_phosphate,1,0,0,0,0,0
met_L[c],282,C00073,L_Methionine,0,0,1,0,1,0
mi1p_D[c],283,C01177,1D_myo_Inositol_1_phosphate,1,0,0,0,0,0
mlthf[c],284,C00143,5_10_Methylenetetrahydrofolate,0,0,1,1,1,0
mql8[c],285,C05819,Menaquinol_8,0,0,1,0,0,0
mqn8[c],286,C00828,Menaquinone_8,0,0,1,0,0,0
myrsACP[c],287,C05761,Myristoyl_ACP__n_C140ACP_,1,1,0,0,0,0
n8aspmd[c],288,C01029,N8_Acetylspermidine,0,0,0,0,1,0
nac[c],289,C00253,Nicotinate,0,0,1,0,0,0
ncam[c],290,C00153,Nicotinamide,0,0,1,0,0,0
nicrnt[c],291,C01185,Nicotinate_D_ribonucleotide,0,0,1,1,0,0
nmn[c],292,C00455,NMN,0,0,1,0,0,0
oaa[c],293,C00036,Oxaloacetate,0,0,0,0,1,1
ocdca[c],294,C01530,octadecanoate__n_C180_,1,1,0,0,0,0
octdp[c],295,C04146,all_trans_Octaprenyl_diphosphate,0,0,1,0,0,0
ohpb[c],296,C06054,2_Oxo_3_hydroxy_4_phosphobutanoate,0,0,1,0,0,0
orn[c],297,C01602,Ornithine,0,0,0,0,1,0
orot5p[c],298,C01103,Orotidine_5__phosphate,0,0,0,1,0,0
orot[c],299,C00295,Orotate,0,0,0,1,0,0
palmACP[c],300,C05764,Palmitoyl_ACP__n_C160ACP_,1,1,0,0,0,0
pan4p[c],301,C01134,Pantetheine_4__phosphate,0,0,1,0,0,0
pant_R[c],302,C00522,R__Pantoate,0,0,1,0,0,0
pap[c],303,C00054,Adenosine_3__5__bisphosphate,0,0,1,0,1,0
paps[c],304,C00053,3__Phosphoadenylyl_sulfate,0,0,0,0,1,0
pdx5p[c],305,C00627,Pyridoxine_5__phosphate,0,0,1,0,0,0
pep[c],306,C00074,Phosphoenolpyruvate,1,1,0,0,1,1
phe_L[c],307,C00079,L_Phenylalanine,0,0,0,0,1,0
pheme[c],308,C00032,Protoheme,0,0,1,0,0,0
phom[c],309,C01102,O_Phospho_L_homoserine,0,0,0,0,1,0
phpyr[c],310,C00166,Phenylpyruvate,0,0,0,0,1,0
phthr[c],311,C06055,O_Phospho_4_hydroxy_L_threonine,0,0,1,0,0,0
pnto_R[c],312,C00864,R__Pantothenate,0,0,1,0,0,0
ppbng[c],313,C00931,Porphobilinogen,0,0,1,0,0,0
pphn[c],314,C00254,Prephenate,0,0,0,0,1,0
ppp9[c],315,C02191,Protoporphyrin,0,0,1,0,0,0
pppg9[c],316,C01079,Protoporphyrinogen_IX,0,0,1,0,0,0
pram[c],317,C03090,5_Phospho_beta_D_ribosylamine,0,0,0,1,0,0
pran[c],318,C04302,N__5_Phospho_D_ribosyl_anthranilate,0,0,0,0,1,0
prbamp[c],319,C02741,1__5_Phosphoribosyl__AMP,0,0,0,0,1,0
prbatp[c],320,C02739,1__5_Phosphoribosyl__ATP,0,0,0,0,1,0
prfp[c],321,C04896,1__5_Phosphoribosyl__5__5_phosphoribosylamino_methylideneaminoimidazole_4_carboxamide,0,0,0,0,1,0
prlp[c],322,C04916,5__5_phospho_1_deoxyribulos_1_ylamino_methylideneamino_1__5_phosphoribosyl_imidazole_4_carboxamide,0,0,0,0,1,0
pro_L[c],323,C00148,L_Proline,0,0,0,0,1,0
prpp[c],324,C00119,5_Phospho_alpha_D_ribose_1_diphosphate,0,0,1,1,1,0
pser_L[c],325,C01005,O_Phospho_L_serine,0,0,0,0,1,0
ptrc[c],326,C00134,Putrescine,0,0,0,0,1,0
pyam5p[c],327,C00647,Pyridoxamine_5__phosphate,0,0,1,0,0,0
pydam[c],328,C00534,Pyridoxamine,0,0,1,0,0,0
pydx5p[c],329,C00018,Pyridoxal_5__phosphate,0,0,1,0,0,0
pydx[c],330,C00250,Pyridoxal,0,0,1,0,0,0
pydxn[c],331,C00314,Pyridoxine,0,0,1,0,0,0
pyr[c],332,C00022,Pyruvate,0,0,0,0,0,1
q8[c],333,C00399,Ubiquinone_8,0,0,1,0,0,0
q8h2[c],334,C00390,Ubiquinol_8,0,0,1,0,0,0
quln[c],335,C03722,Quinolinate,0,0,1,0,0,0
r1p[c],336,C00442,alpha_D_Ribose_1_phosphate,0,0,0,1,0,0
r5p[c],337,C00117,alpha_D_Ribose_5_phosphate,0,0,1,1,1,1
rdmbzi[c],338,C05775,N1__alpha_D_ribosyl__5_6_dimethylbenzimidazole,0,0,1,0,0,0
rhcys[c],339,C03539,S_Ribosyl_L_homocysteine,0,0,0,0,1,0
rib_D[c],340,C00121,D_Ribose,0,0,0,1,0,0
ribflv[c],341,C00255,Riboflavin,0,0,1,0,0,0
ru5p_D[c],342,C00199,D_Ribulose_5_phosphate,0,0,1,0,0,1
s7p[c],343,C05382,Sedoheptulose_7_phosphate,0,1,0,0,0,1
sbzcoa[c],344,C03160,O_Succinylbenzoyl_CoA,0,0,1,0,0,0
scl[c],345,C05778,sirohydrochlorin,0,0,1,0,0,0
ser_D[c],346,C00740,D_Serine,0,0,0,0,1,0
ser_L[c],347,C00065,L_Serine,0,0,0,0,1,0
seramp[c],348,C05820,L_seryl_AMP,0,0,1,0,0,0
sheme[c],349,C00748,Siroheme,0,0,1,0,0,0
skm5p[c],350,C03175,Shikimate_5_phosphate,0,0,0,0,1,0
skm[c],351,C00493,Shikimate,0,0,0,0,1,0
sl26da[c],352,C04421,N_Succinyl_LL_2_6_diaminoheptanedioate,0,0,0,0,1,0
sl2a6o[c],353,C04462,N_Succinyl_2_L_amino_6_oxoheptanedioate,0,0,0,0,1,0
spmd[c],354,C00315,Spermidine,0,0,0,0,1,0
sucarg[c],355,C03296,N2_Succinyl_L_arginine,0,0,0,0,1,0
sucbz[c],356,C02730,o_Succinylbenzoate,0,0,1,0,0,0
succ[c],357,C00042,Succinate,0,0,0,0,0,1
succoa[c],358,C00091,Succinyl_CoA,0,0,0,0,1,1
sucglu[c],359,C05931,N2_Succinyl_L_glutamate,0,0,0,0,1,0
sucgsa[c],360,C05932,N2_Succinyl_L_glutamate_5_semialdehyde,0,0,0,0,1,0
suchms[c],361,C01118,O_Succinyl_L_homoserine,0,0,0,0,1,0
sucorn[c],362,C03415,N2_Succinyl_L_ornithine,0,0,0,0,1,0
sucsal[c],363,C00232,Succinic_semialdehyde,0,0,0,0,1,0
thdp[c],364,C03972,2_3_4_5_Tetrahydrodipicolinate,0,0,0,0,1,0
thf[c],365,C00101,5_6_7_8_Tetrahydrofolate,0,1,1,1,1,0
thm[c],366,C00378,Thiamin,0,0,1,0,0,0
thmmp[c],367,C01081,Thiamin_monophosphate,0,0,1,0,0,0
thmpp[c],368,C00068,Thiamine_diphosphate,0,0,1,0,0,0
thr_L[c],369,C00188,L_Threonine,0,0,0,0,1,0
thym[c],370,C00178,Thymine,0,0,0,1,0,0
thymd[c],371,C00214,Thymidine,0,0,0,1,0,0
trdox[c],372,C00343,Oxidized_thioredoxin,0,0,0,1,1,0
trdrd[c],373,C00342,Reduced_thioredoxin,0,0,0,1,1,0
trnaglu[c],374,C01641,tRNA__Glu_,0,0,1,0,0,0
trp_L[c],375,C00078,L_Tryptophan,0,0,0,0,1,0
ttdca[c],376,C06424,tetradecanoate__n_C140_,1,1,0,0,0,0
tyr_L[c],377,C00082,L_Tyrosine,0,0,1,0,1,0
u23ga[c],378,C04652,UDP_2_3_bis_3_hydroxytetradecanoyl_glucosamine,0,1,0,0,0,0
u3aga[c],379,C04738,UDP_3_O__3_hydroxytetradecanoyl__N_acetylglucosamine,0,1,0,0,0,0
u3hga[c],380,C06022,UDP_3_O__3_hydroxytetradecanoyl__D_glucosamine,0,1,0,0,0,0
uaagmda[c],381,C05898,Undecaprenyl_diphospho_N_acetylmuramoyl__N_acetylglucosamine__L_ala_D_glu_meso_2_6_diaminopimeloyl_D_ala_D_ala,1,0,0,0,0,0
uaccg[c],382,C04631,UDP_N_acetyl_3_O__1_carboxyvinyl__D_glucosamine,1,0,0,0,0,0
uacgam[c],383,C00043,UDP_N_acetyl_D_glucosamine,1,1,0,0,0,0
uacmam[c],384,C01170,UDP_N_acetyl_D_mannosamine,1,0,0,0,0,0
uacmamu[c],385,C06240,UDP_N_acetyl_D_mannosaminouronate,1,0,0,0,0,0
uagmda[c],386,C05897,Undecaprenyl_diphospho_N_acetylmuramoyl_L_alanyl_D_glutamyl_meso_2_6_diaminopimeloyl_D_alanyl_D_alanine,1,0,0,0,0,0
uama[c],387,C01212,UDP_N_acetylmuramoyl_L_alanine,1,0,0,0,0,0
uamag[c],388,C00692,UDP_N_acetylmuramoyl_L_alanyl_D_glutamate,1,0,0,0,0,0
uamr[c],389,C01050,UDP_N_acetylmuramate,1,0,0,0,0,0
udcpdp[c],390,C04574,Undecaprenyl_diphosphate,1,0,1,0,0,0
udcpp[c],391,C00348,Undecaprenyl_phosphate,1,1,0,0,0,0
udpg[c],392,C00029,UDPglucose,1,1,0,0,0,0
udpgal[c],393,C00052,UDPgalactose,1,0,0,0,0,0
udpgalfur[c],394,C03733,UDP_D_galacto_1_4_furanose,1,1,0,0,0,0
udpglcur[c],395,C00167,UDP_D_glucuronate,1,1,0,0,0,0
ugmd[c],396,C04877,UDP_N_acetylmuramoyl_L_alanyl_D_gamma_glutamyl_meso_2_6_diaminopimelate,1,0,0,0,0,0
ugmda[c],397,C04882,UDP_N_acetylmuramoyl_L_alanyl_D_glutamyl_meso_2_6_diaminopimeloyl_D_alanyl_D_alanine,1,0,0,0,0,0
ump[c],398,C00105,UMP,1,1,0,1,0,0
unaga[c],399,C01289,Undecaprenyl_diphospho_N_acetyl_glucosamine,1,0,0,0,0,0
uppg3[c],400,C01051,Uroporphyrinogen_III,0,0,1,0,0,0
ura[c],401,C00106,Uracil,0,0,0,1,0,0
urea[c],402,C00086,Urea,0,0,0,0,1,0
uri[c],403,C00299,Uridine,0,0,0,1,0,0
utp[c],404,C00075,UTP,1,0,0,1,0,0
val_L[c],405,C00183,L_Valine,0,0,0,0,1,0
xan[c],406,C00385,Xanthine,0,0,0,1,0,0
xmp[c],407,C00655,Xanthosine_5__phosphate,0,0,0,1,0,0
xtsn[c],408,C01762,Xanthosine,0,0,0,1,0,0
xu5p_D[c],409,C00231,D_Xylulose_5_phosphate,0,0,0,0,0,1
